id,internalIds
960775390,8709366
960775390,8709455
960775390,8709456
960775390,8709457
960775390,8709458
960775390,8709459
956985400,8649541
956985400,8649610
956985400,8649611
956985400,8649612
956985400,8649613
956985400,8649614
960257800,8699995
960257800,8699996
960257800,8699997
960257800,8699998
960257800,8699999
960257800,8700000
960775300,8709365
960775300,8709450
960775300,8709451
960775300,8709452
960775300,8709453
960775300,8709454
979886170,8977595
979886170,8977596
979886170,8977597
979886170,8977598
979886170,8977599
978395500,8949240
978395500,8949241
978395500,8949242
978395500,8949243
978395500,8949244
974192050,8893567
974192050,8893568
974192050,8893569
974192050,8893570
974192050,8893571
956561320,8644951
956561320,8644952
956561320,8644953
956561320,8644954
956561320,8644955
956561320,8644956
956561320,8644957
815392450,6392551
815392450,6392552
815392450,6392553
815392450,6392554
815392450,6392555
815392450,6392556
928267210,8158139
928267210,8158140
928267210,8158141
928267210,8158142
928267210,8158143
928267210,8158144
928267210,8158145
934270840,8225462
934270840,8225463
934270840,8225464
934270840,8225465
934270840,8225466
929700010,8180517
929700010,8180518
929700010,8180519
929700010,8180520
929700010,8180521
929700010,8180522
985926160,9076739
985926160,9076740
985926160,9076741
985926160,9076742
985926160,9076743
985926160,9076744
985247290,9058845
985247290,9058846
985247290,9058847
985247290,9058848
985247290,9058849
941634010,8319995
941634010,8319996
941634010,8319997
941634010,8319998
941634010,8319999
941634010,8320000
941634010,8320001
954330400_954322390,8544973
954330400_954322390,8544974
954330400_954322390,8544975
954330400_954322390,8544976
954330400_954322390,8544977
954330400_954322390,8544978
960775570,8709368
960775570,8709465
960775570,8709466
960775570,8709467
960775570,8709468
960775570,8709469
960774040,8709351
960774040,8709380
960774040,8709381
960774040,8709382
960774040,8709383
960774040,8709384
966843730,8819307
966843730,8819308
966843730,8819309
966843730,8819310
966843730,8819311
966843730,8819312
966843730,8819313
966843730,8819314
966843730,8819315
966843730,8819316
966843730,8819317
833134690,6671735
833134690,6671736
833134690,6671737
833134690,6671738
833134690,6671739
833134690,6671740
833134690,6671741
833134690,6671742
833134690,6671743
833134690,6671744
833134690,6671745
934342660_934339780,8230077
934342660_934339780,8230078
934342660_934339780,8230079
934342660_934339780,8230080
934342660_934339780,8230081
934342660_934339780,8230082
934342660_934339780,8230083
934342660_934339780,8230084
934342660_934339780,8230085
934342660_934339780,8230086
